{
  "kitchenLightColor": {
    "class": "org.eclipse.smarthome.core.items.ManagedItemProvider$PersistedItem",
    "value": {
      "groupNames": [
        "gLights"
      ],
      "itemType": "Color",
      "label": "Kitchen Light"
    }
  },
  "kitchenLightDimmer": {
    "class": "org.eclipse.smarthome.core.items.ManagedItemProvider$PersistedItem",
    "value": {
      "groupNames": [
        "gLights"
      ],
      "itemType": "Dimmer",
      "label": "Kitchen Light",
      "category": "power"
    }
  },
  "gLights": {
    "class": "org.eclipse.smarthome.core.items.ManagedItemProvider$PersistedItem",
    "value": {
      "baseItemType": "Switch",
      "groupNames": [],
      "itemType": "Group",
      "label": "Lights",
      "functionName": "AND",
      "functionParams": [
        "OFF",
        "ON"
      ]
    }
  }
}