{
  "network:servicedevice:192_168_1_3_548": {
    "class": "org.eclipse.smarthome.config.discovery.internal.DiscoveryResultImpl",
    "value": {
      "thingUID": {
        "segments": [
          "network",
          "servicedevice",
          "192_168_1_3_548"
        ]
      },
      "thingTypeUID": {
        "segments": [
          "network",
          "servicedevice"
        ]
      },
      "properties": {
        "port": 548,
        "hostname": "192.168.1.3"
      },
      "flag": "NEW",
      "label": "Device providing the Apple AFP Service (192.168.1.3:548)",
      "timestamp": 1531198604857,
      "timeToLive": 600
    }
  }
}