{
  "network:servicedevice:192_168_1_1_548": {
    "class": "org.eclipse.smarthome.config.discovery.internal.DiscoveryResultImpl",
    "value": {
      "thingUID": {
        "segments": [
          "network",
          "servicedevice",
          "192_168_1_1_548"
        ]
      },
      "thingTypeUID": {
        "segments": [
          "network",
          "servicedevice"
        ]
      },
      "properties": {
        "port": 548,
        "hostname": "192.168.1.1"
      },
      "flag": "NEW",
      "label": "Device providing the Apple AFP Service (192.168.1.1:548)",
      "timestamp": 1531198604760,
      "timeToLive": 600
    }
  },
  "network:servicedevice:192_168_1_1_80": {
    "class": "org.eclipse.smarthome.config.discovery.internal.DiscoveryResultImpl",
    "value": {
      "thingUID": {
        "segments": [
          "network",
          "servicedevice",
          "192_168_1_1_80"
        ]
      },
      "thingTypeUID": {
        "segments": [
          "network",
          "servicedevice"
        ]
      },
      "properties": {
        "port": 80,
        "hostname": "192.168.1.1"
      },
      "flag": "NEW",
      "label": "Device providing a Webserver (192.168.1.1:80)",
      "timestamp": 1531198604754,
      "timeToLive": 600
    }
  },
  "network:servicedevice:192_168_1_18_80": {
    "class": "org.eclipse.smarthome.config.discovery.internal.DiscoveryResultImpl",
    "value": {
      "thingUID": {
        "segments": [
          "network",
          "servicedevice",
          "192_168_1_18_80"
        ]
      },
      "thingTypeUID": {
        "segments": [
          "network",
          "servicedevice"
        ]
      },
      "properties": {
        "port": 80,
        "hostname": "192.168.1.18"
      },
      "flag": "NEW",
      "label": "Device providing a Webserver (192.168.1.18:80)",
      "timestamp": 1531198605897,
      "timeToLive": 600
    }
  },
  "network:servicedevice:192_168_1_3_548": {
    "class": "org.eclipse.smarthome.config.discovery.internal.DiscoveryResultImpl",
    "value": {
      "thingUID": {
        "segments": [
          "network",
          "servicedevice",
          "192_168_1_3_548"
        ]
      },
      "thingTypeUID": {
        "segments": [
          "network",
          "servicedevice"
        ]
      },
      "properties": {
        "port": 548,
        "hostname": "192.168.1.3"
      },
      "flag": "NEW",
      "label": "Device providing the Apple AFP Service (192.168.1.3:548)",
      "timestamp": 1531198604857,
      "timeToLive": 600
    }
  }
}