{
  "network:servicedevice:8621b742": {
    "class": "org.eclipse.smarthome.core.thing.internal.ThingImpl",
    "value": {
      "label": "Network device with running service",
      "channels": [
        {
          "acceptedItemType": "Switch",
          "kind": "STATE",
          "uid": {
            "segments": [
              "network",
              "servicedevice",
              "8621b742",
              "online"
            ]
          },
          "channelTypeUID": {
            "segments": [
              "network",
              "online"
            ]
          },
          "label": "Online",
          "description": "States whether a device is online or offline",
          "configuration": {
            "properties": {}
          },
          "properties": {},
          "defaultTags": []
        },
        {
          "acceptedItemType": "Number",
          "kind": "STATE",
          "uid": {
            "segments": [
              "network",
              "servicedevice",
              "8621b742",
              "latency"
            ]
          },
          "channelTypeUID": {
            "segments": [
              "network",
              "latency"
            ]
          },
          "label": "Latency (ms)",
          "description": "States the latency time in milliseconds",
          "configuration": {
            "properties": {}
          },
          "properties": {},
          "defaultTags": []
        },
        {
          "acceptedItemType": "DateTime",
          "kind": "STATE",
          "uid": {
            "segments": [
              "network",
              "servicedevice",
              "8621b742",
              "lastseen"
            ]
          },
          "channelTypeUID": {
            "segments": [
              "network",
              "lastseen"
            ]
          },
          "label": "Last seen",
          "description": "States the last seen date/time",
          "configuration": {
            "properties": {}
          },
          "properties": {},
          "defaultTags": []
        }
      ],
      "configuration": {
        "properties": {
          "hostname": "ledstrip1",
          "refresh_interval": 60000,
          "port": 80,
          "retry": 1,
          "timeout": 5000
        }
      },
      "properties": {
        "uses_dhcp_listen": "no",
        "presence_detection_type": "",
        "uses_ios_wakeup": "no",
        "uses_arp_pings": "no"
      },
      "uid": {
        "segments": [
          "network",
          "servicedevice",
          "8621b742"
        ]
      },
      "thingTypeUID": {
        "segments": [
          "network",
          "servicedevice"
        ]
      }
    }
  }
}