{"bootDone":true,"checksums":{},"features":{"root":["feature:openhab-ui-habmin/[2.3.0,2.3.0]","feature:openhab-binding-weather1/[1.12.0,1.12.0]","feature:openhab-binding-astro/[2.3.0,2.3.0]","feature:system/[4.1.5,4.1.5]","feature:openhab-runtime-base/[2.3.0,2.3.0]","feature:ssh/[4.1.5,4.1.5]","feature:openhab-binding-network/[2.3.0,2.3.0]","feature:openhab-binding-mqtt1/[1.12.0,1.12.0]","feature:openhab-package-standard/[2.3.0,2.3.0]","feature:deployer/[4.1.5,4.1.5]","feature:openhab-ui-basic/[2.3.0,2.3.0]","feature:shell/[4.1.5,4.1.5]","feature:bundle/[4.1.5,4.1.5]","feature:openhab-action-pebble/[1.12.0,1.12.0]","feature:openhab-ui-homebuilder/[2.3.0,2.3.0]","feature:openhab-action-nma/[1.12.0,1.12.0]","feature:log/[4.1.5,4.1.5]","feature:feature/[4.1.5,4.1.5]","feature:openhab-ui-classic/[2.3.0,2.3.0]","feature:jaas/[4.1.5,4.1.5]","feature:service/[4.1.5,4.1.5]","feature:config/[4.1.5,4.1.5]","feature:diagnostic/[4.1.5,4.1.5]","feature:package/[4.1.5,4.1.5]","feature:kar/[4.1.5,4.1.5]","feature:openhab-ui-paper/[2.3.0,2.3.0]","feature:framework/[4.1.5,4.1.5]","feature:openhab-action-mqtt/[1.12.0,1.12.0]","feature:openhab-binding-xbmc1/[1.12.0,1.12.0]","feature:openhab-ui-habpanel/[2.3.0,2.3.0]","feature:eventadmin/[4.1.5,4.1.5]","feature:instance/[4.1.5,4.1.5]","feature:openhab-binding-yahooweather/[2.3.0,2.3.0]"]},"installed":{"root":["esh-tp-xtext-ide/0.10.0.oh230","esh-model-script-runtime/0.10.0.oh230","esh-model-persistence/0.10.0.oh230","esh-model-script/0.10.0.oh230","scr-condition-bundle/4.1.5","openhab-action-nma/1.12.0","openhab-runtime-base/2.3.0","esh-model-thing-ide/0.10.0.oh230","esh-model-item-ide/0.10.0.oh230","openhab-action-pebble/1.12.0","eventadmin-condition-shell/4.1.5","jaas/4.1.5","config/4.1.5","esh-ui/0.10.0.oh230","esh-io-transport-mdns/0.10.0.oh230","feature-condition-shell/4.1.5","deployer/4.1.5","log/4.1.5","esh-tp-jax-rs-min/0.10.0.oh230","esh-model-thing/0.10.0.oh230","esh-model-sitemap-runtime/0.10.0.oh230","openhab-binding-astro/2.3.0","system-condition-shell/4.1.5","jaas-boot/0.0.0","kar-condition-shell/4.1.5","esh-io-console-karaf/0.10.0.oh230","pax-http-jetty/6.0.9","diagnostic/4.1.5","esh-kat.cpy-jersey-min-2.22.2/0.10.0.oh230","openhab-ui-habmin/2.3.0","esh-binding-astro/0.10.0.oh230","feature/4.1.5","esh-storage-json/0.10.0.oh230","esh-model-script-ide/0.10.0.oh230","pax-jetty/9.3.21.v20170918","esh-tp-xtext/0.10.0.oh230","openhab-binding-weather1/1.12.0","http/4.1.5","bundle-condition-shell/4.1.5","openhab-ui-habpanel/2.3.0","eventadmin/4.1.5","esh-io-rest-sitemap/0.10.0.oh230","openhab-binding-network/2.3.0","esh-tp-jupnp/0.10.0.oh230","openhab-ui-paper/2.3.0","framework/4.1.5","shell/4.1.5","openhab-binding-mqtt1/1.12.0","esh-tp-measurement/0.10.0.oh230","openhab-ui-homebuilder/2.3.0","esh-tp-jmdns/0.10.0.oh230","openhab-action-mqtt/1.12.0","kar/4.1.5","esh-model-persistence-runtime/0.10.0.oh230","openhab-transport-http/2.3.0","pax-http-service/0.0.0","esh-model-sitemap/0.10.0.oh230","esh-model-item-runtime/0.10.0.oh230","openhab-ui-classic/2.3.0","esh-model-rule/0.10.0.oh230","ssh/4.1.5","esh-model-lsp/0.10.0.oh230","esh-model-thing-runtime/0.10.0.oh230","openhab-binding-yahooweather/2.3.0","esh-ui-classic/0.10.0.oh230","scr/4.1.5","esh-ui-paper/0.10.0.oh230","esh-ui-icon/0.10.0.oh230","openhab-binding-xbmc1/1.12.0","package/4.1.5","esh-tp-jax-rs/0.10.0.oh230","wrapper/4.1.5","esh-model-persistence-ide/0.10.0.oh230","openhab-runtime-certificate/2.3.0","esh-model-item/0.10.0.oh230","esh-binding-yahooweather/0.10.0.oh230","openhab-ui-basic/2.3.0","deployer-condition-kar/4.1.5","esh-io-rest-voice/0.10.0.oh230","openhab-runtime-compat1x/2.3.0","esh-model-sitemap-ide/0.10.0.oh230","service/4.1.5","pax-http/6.0.9","esh-ui-basic/0.10.0.oh230","esh-tp-lsp4j/0.10.0.oh230","esh-io-rest-mdns/0.10.0.oh230","openhab-package-standard/2.3.0","config-condition-shell/4.1.5","system/4.1.5","scr-condition-shell/4.1.5","jaas-condition-shell/4.1.5","esh-model-rule-ide/0.10.0.oh230","esh-model-rule-runtime/0.10.0.oh230","esh-base/0.10.0.oh230","bundle/4.1.5","instance/4.1.5","openhab-transport-mdns/2.3.0"]},"repositories":["mvn:org.apache.karaf.features/framework/4.1.5/xml/features","mvn:org.apache.karaf.features/standard/4.1.5/xml/features","mvn:org.openhab.distro/distro/2.3.0/xml/features","mvn:org.openhab.distro/openhab-addons/2.3.0/xml/features"],"managed":{"root":[1,2,3,4,5,6,7,8,9,10,11,12,13,14,15,16,17,18,19,20,21,22,23,24,25,26,27,28,29,30,31,32,33,34,35,36,37,38,39,40,41,42,43,44,45,46,47,48,49,50,51,52,53,54,55,56,57,58,59,60,61,62,63,64,65,66,67,68,69,70,71,72,73,74,75,76,77,78,79,80,81,82,83,84,85,86,87,88,89,90,91,92,93,94,95,96,97,98,99,100,101,102,103,104,105,106,107,108,109,110,111,112,113,114,115,116,117,118,119,120,121,122,123,124,125,126,127,128,129,130,131,132,133,134,135,136,137,138,139,140,141,142,143,144,145,146,147,148,149,150,151,152,153,154,155,156,157,158,159,160,161,162,163,164,165,166,167,168,169,170,171,172,173,174,175,176,177,178,179,180,181,182,183,184,185,186,187,188,189,190,191,192,193,194,195,196,197,198,199,200,201,202,203,204,205,206,207,208,209,210,211,212,213]},"state":{"root":{"esh-tp-xtext-ide/0.10.0.oh230":"Started","esh-model-script-runtime/0.10.0.oh230":"Started","esh-model-persistence/0.10.0.oh230":"Started","esh-model-script/0.10.0.oh230":"Started","scr-condition-bundle/4.1.5":"Started","openhab-action-nma/1.12.0":"Started","esh-model-thing-ide/0.10.0.oh230":"Started","openhab-runtime-base/2.3.0":"Started","esh-model-item-ide/0.10.0.oh230":"Started","openhab-action-pebble/1.12.0":"Started","eventadmin-condition-shell/4.1.5":"Started","jaas/4.1.5":"Started","config/4.1.5":"Started","esh-ui/0.10.0.oh230":"Started","esh-io-transport-mdns/0.10.0.oh230":"Started","feature-condition-shell/4.1.5":"Started","deployer/4.1.5":"Started","log/4.1.5":"Started","esh-tp-jax-rs-min/0.10.0.oh230":"Started","esh-model-thing/0.10.0.oh230":"Started","esh-model-sitemap-runtime/0.10.0.oh230":"Started","openhab-binding-astro/2.3.0":"Started","system-condition-shell/4.1.5":"Started","jaas-boot/0.0.0":"Started","kar-condition-shell/4.1.5":"Started","esh-io-console-karaf/0.10.0.oh230":"Started","pax-http-jetty/6.0.9":"Started","diagnostic/4.1.5":"Started","esh-kat.cpy-jersey-min-2.22.2/0.10.0.oh230":"Started","openhab-ui-habmin/2.3.0":"Started","esh-binding-astro/0.10.0.oh230":"Started","feature/4.1.5":"Started","esh-storage-json/0.10.0.oh230":"Started","esh-model-script-ide/0.10.0.oh230":"Started","pax-jetty/9.3.21.v20170918":"Started","esh-tp-xtext/0.10.0.oh230":"Started","openhab-binding-weather1/1.12.0":"Started","http/4.1.5":"Started","bundle-condition-shell/4.1.5":"Started","openhab-ui-habpanel/2.3.0":"Started","eventadmin/4.1.5":"Started","esh-io-rest-sitemap/0.10.0.oh230":"Started","esh-tp-jupnp/0.10.0.oh230":"Started","openhab-ui-paper/2.3.0":"Started","openhab-binding-network/2.3.0":"Started","shell/4.1.5":"Started","framework/4.1.5":"Started","openhab-binding-mqtt1/1.12.0":"Started","esh-tp-measurement/0.10.0.oh230":"Started","openhab-ui-homebuilder/2.3.0":"Started","esh-tp-jmdns/0.10.0.oh230":"Started","kar/4.1.5":"Started","openhab-action-mqtt/1.12.0":"Started","esh-model-persistence-runtime/0.10.0.oh230":"Started","openhab-transport-http/2.3.0":"Started","pax-http-service/0.0.0":"Started","esh-model-sitemap/0.10.0.oh230":"Started","esh-model-item-runtime/0.10.0.oh230":"Started","openhab-ui-classic/2.3.0":"Started","esh-model-rule/0.10.0.oh230":"Started","ssh/4.1.5":"Started","esh-model-lsp/0.10.0.oh230":"Started","esh-model-thing-runtime/0.10.0.oh230":"Started","openhab-binding-yahooweather/2.3.0":"Started","esh-ui-classic/0.10.0.oh230":"Started","scr/4.1.5":"Started","esh-ui-paper/0.10.0.oh230":"Started","esh-ui-icon/0.10.0.oh230":"Started","openhab-binding-xbmc1/1.12.0":"Started","package/4.1.5":"Started","esh-tp-jax-rs/0.10.0.oh230":"Started","wrapper/4.1.5":"Started","esh-model-persistence-ide/0.10.0.oh230":"Started","openhab-runtime-certificate/2.3.0":"Started","esh-model-item/0.10.0.oh230":"Started","esh-binding-yahooweather/0.10.0.oh230":"Started","openhab-ui-basic/2.3.0":"Started","deployer-condition-kar/4.1.5":"Started","esh-io-rest-voice/0.10.0.oh230":"Started","openhab-runtime-compat1x/2.3.0":"Started","esh-model-sitemap-ide/0.10.0.oh230":"Started","service/4.1.5":"Started","pax-http/6.0.9":"Started","esh-tp-lsp4j/0.10.0.oh230":"Started","esh-io-rest-mdns/0.10.0.oh230":"Started","esh-ui-basic/0.10.0.oh230":"Started","openhab-package-standard/2.3.0":"Started","config-condition-shell/4.1.5":"Started","system/4.1.5":"Started","scr-condition-shell/4.1.5":"Started","jaas-condition-shell/4.1.5":"Started","esh-model-rule-ide/0.10.0.oh230":"Started","esh-model-rule-runtime/0.10.0.oh230":"Started","esh-base/0.10.0.oh230":"Started","bundle/4.1.5":"Started","instance/4.1.5":"Started","openhab-transport-mdns/2.3.0":"Started"}}}